"Date","Chairman","PreviousRate","Streak","GDP","Unemployment","CPI","HomeownershipRate","DebtAsPctGDP","DemocraticPres","MonthsUntilElection","RaisedFedFunds"
1966-02-01,"Martin, William M.",4.42,4,4201.891,4,31.88,63.5,40.26076,1,33,1
1966-03-01,"Martin, William M.",4.6,5,4201.891,3.8,32.08,63.5,4201.891,1,32,1
1966-04-01,"Martin, William M.",4.65,6,4201.891,3.8,32.18,63.5,4201.891,1,31,1
1966-05-01,"Martin, William M.",4.67,7,4219.097,3.8,32.28,63.2,39.15969,1,30,1
1966-06-01,"Martin, William M.",4.9,8,4219.097,3.9,32.35,63.2,4219.097,1,29,1
1966-07-01,"Martin, William M.",5.17,9,4219.097,3.8,32.38,63.2,4219.097,1,28,1
1966-08-01,"Martin, William M.",5.3,10,4249.152,3.8,32.45,63.3,39.56481,1,27,1
1966-09-01,"Martin, William M.",5.53,11,4249.152,3.8,32.65,63.3,4249.152,1,26,0
1966-10-01,"Martin, William M.",5.4,-1,4249.152,3.7,32.75,63.3,4249.152,1,25,1
1966-11-01,"Martin, William M.",5.53,1,4285.582,3.7,32.85,63.8,39.44413,1,24,1
1966-12-01,"Martin, William M.",5.76,2,4285.582,3.6,32.88,63.8,4285.582,1,23,0
1967-01-01,"Martin, William M.",5.4,-1,4285.582,3.8,32.92,63.8,4285.582,1,22,0
1967-02-01,"Martin, William M.",4.94,-2,4324.926,3.9,32.9,63.3,39.11903,1,21,1
1967-03-01,"Martin, William M.",5,1,4324.926,3.8,33,63.3,4324.926,1,20,0
1967-04-01,"Martin, William M.",4.53,-1,4324.926,3.8,33,63.3,4324.926,1,19,0
1967-05-01,"Martin, William M.",4.05,-2,4328.72,3.8,33.1,63.9,37.93832,1,18,0
1967-06-01,"Martin, William M.",3.94,-3,4328.72,3.8,33.1,63.9,4328.72,1,17,1
1967-07-01,"Martin, William M.",3.98,1,4328.72,3.9,33.3,63.9,4328.72,1,16,0
1967-08-01,"Martin, William M.",3.79,-1,4366.088,3.8,33.4,63.8,38.76021,1,15,1
1967-09-01,"Martin, William M.",3.9,1,4366.088,3.8,33.5,63.8,4366.088,1,14,1
1967-10-01,"Martin, William M.",3.99,2,4366.088,3.8,33.6,63.8,4366.088,1,13,0
1967-11-01,"Martin, William M.",3.88,-1,4401.233,4,33.7,63.5,39.02434,1,12,1
1967-12-01,"Martin, William M.",4.13,1,4401.233,3.9,33.9,63.5,4401.233,1,11,1
1968-01-01,"Martin, William M.",4.51,2,4401.233,3.8,34,63.5,4401.233,1,10,1
1968-02-01,"Martin, William M.",4.6,3,4490.609,3.7,34.1,63.6,38.35726,1,9,1
1968-03-01,"Martin, William M.",4.71,4,4490.609,3.8,34.2,63.6,4490.609,1,8,1
1968-04-01,"Martin, William M.",5.05,5,4490.609,3.7,34.3,63.6,4490.609,1,7,1
1968-05-01,"Martin, William M.",5.76,6,4566.442,3.5,34.4,64.1,36.88657,1,6,1
1968-06-01,"Martin, William M.",6.11,7,4566.442,3.5,34.5,64.1,4566.442,1,5,0
1968-07-01,"Martin, William M.",6.07,-1,4566.442,3.7,34.7,64.1,4566.442,1,4,0
1968-08-01,"Martin, William M.",6.02,-2,4599.332,3.7,34.9,64.1,37.25118,1,3,1
1968-09-01,"Martin, William M.",6.03,1,4599.332,3.5,35,64.1,4599.332,1,2,0
1968-10-01,"Martin, William M.",5.78,-1,4599.332,3.4,35.1,64.1,4599.332,1,1,1
1968-11-01,"Martin, William M.",5.91,1,4619.803,3.4,35.3,63.6,36.9064,1,0,0
1968-12-01,"Martin, William M.",5.82,-1,4619.803,3.4,35.4,63.6,4619.803,1,47,1
1969-01-01,"Martin, William M.",6.02,1,4619.803,3.4,35.6,63.6,4619.803,0,46,1
1969-02-01,"Martin, William M.",6.3,2,4691.637,3.4,35.7,64.1,36.12076,0,45,1
1969-03-01,"Martin, William M.",6.61,3,4691.637,3.4,35.8,64.1,4691.637,0,44,1
1969-04-01,"Martin, William M.",6.79,4,4691.637,3.4,36.1,64.1,4691.637,0,43,1
1969-05-01,"Martin, William M.",7.41,5,4706.684,3.4,36.3,64.4,34.89173,0,42,1
1969-06-01,"Martin, William M.",8.67,6,4706.684,3.4,36.4,64.4,4706.684,0,41,1
1969-07-01,"Martin, William M.",8.9,7,4706.684,3.5,36.6,64.4,4706.684,0,40,0
1969-08-01,"Martin, William M.",8.61,-1,4736.143,3.5,36.8,64.4,34.9501,0,39,1
1969-09-01,"Martin, William M.",9.19,1,4736.143,3.5,36.9,64.4,4736.143,0,38,0
1969-10-01,"Martin, William M.",9.15,-1,4736.143,3.7,37.1,64.4,4736.143,0,37,0
1969-11-01,"Martin, William M.",9,-2,4715.469,3.7,37.3,64.4,35.38253,0,36,0
1969-12-01,"Martin, William M.",8.85,-3,4715.469,3.5,37.5,64.4,4715.469,0,35,1
1970-01-01,"Martin, William M.",8.97,1,4715.469,3.5,37.7,64.4,4715.469,0,34,1
1970-02-01,"Burns, Arthur",8.98,2,4707.112,3.9,37.9,64.3,35.31153,0,33,0
1970-03-01,"Burns, Arthur",8.98,-1,4707.112,4.2,38.1,64.3,4707.112,0,32,0
1970-04-01,"Burns, Arthur",7.76,-2,4707.112,4.4,38.3,64.3,4707.112,0,31,1
1970-05-01,"Burns, Arthur",8.1,1,4715.441,4.6,38.5,64,34.58499,0,30,0
1970-06-01,"Burns, Arthur",7.94,-1,4715.441,4.8,38.6,64,4715.441,0,29,0
1970-07-01,"Burns, Arthur",7.6,-2,4715.441,4.9,38.8,64,4715.441,0,28,0
1970-08-01,"Burns, Arthur",7.21,-3,4757.213,5,38.9,64.4,34.78898,0,27,0
1970-09-01,"Burns, Arthur",6.61,-4,4757.213,5.1,39,64.4,4757.213,0,26,0
1970-10-01,"Burns, Arthur",6.29,-5,4757.213,5.4,39.2,64.4,4757.213,0,25,0
1970-11-01,"Burns, Arthur",6.2,-6,4708.281,5.5,39.4,64,35.6535,0,24,0
1970-12-01,"Burns, Arthur",5.6,-7,4708.281,5.9,39.6,64,4708.281,0,23,0
1971-01-01,"Burns, Arthur",4.9,-8,4708.281,6.1,39.8,64,4708.281,0,22,0
1971-02-01,"Burns, Arthur",4.14,-9,4834.349,5.9,39.9,64,34.42327,0,21,0
1971-03-01,"Burns, Arthur",3.72,-10,4834.349,5.9,39.9,64,4834.349,0,20,0
1971-04-01,"Burns, Arthur",3.71,-11,4834.349,6,40,64,4834.349,0,19,1
1971-05-01,"Burns, Arthur",4.15,1,4861.938,5.9,40.1,64.1,34.26816,0,18,1
1971-06-01,"Burns, Arthur",4.63,2,4861.938,5.9,40.3,64.1,4861.938,0,17,1
1971-07-01,"Burns, Arthur",4.91,3,4861.938,5.9,40.5,64.1,4861.938,0,16,1
1971-08-01,"Burns, Arthur",5.31,4,4899.95,6,40.6,64.4,34.92909,0,15,1
1971-09-01,"Burns, Arthur",5.56,5,4899.95,6.1,40.7,64.4,4899.95,0,14,0
1971-10-01,"Burns, Arthur",5.55,-1,4899.95,6,40.8,64.4,4899.95,0,13,0
1971-11-01,"Burns, Arthur",5.2,-2,4914.261,5.8,40.9,64.5,35.53376,0,12,0
1971-12-01,"Burns, Arthur",4.91,-3,4914.261,6,41,64.5,4914.261,0,11,0
1972-01-01,"Burns, Arthur",4.14,-4,4914.261,6,41.1,64.5,4914.261,0,10,0
1972-02-01,"Burns, Arthur",3.5,-5,5002.436,5.8,41.2,64.3,34.63641,0,9,0
1972-03-01,"Burns, Arthur",3.29,-6,5002.436,5.7,41.4,64.3,5002.436,0,8,1
1972-04-01,"Burns, Arthur",3.83,1,5002.436,5.8,41.4,64.3,5002.436,0,7,1
1972-05-01,"Burns, Arthur",4.17,2,5118.278,5.7,41.5,64.5,33.57492,0,6,1
1972-06-01,"Burns, Arthur",4.27,3,5118.278,5.7,41.6,64.5,5118.278,0,5,1
1972-07-01,"Burns, Arthur",4.46,4,5118.278,5.7,41.7,64.5,5118.278,0,4,1
1972-08-01,"Burns, Arthur",4.55,5,5165.448,5.6,41.8,64.3,33.54042,0,3,1
1972-09-01,"Burns, Arthur",4.8,6,5165.448,5.6,41.9,64.3,5165.448,0,2,1
1972-10-01,"Burns, Arthur",4.87,7,5165.448,5.5,42.1,64.3,5165.448,0,1,1
1972-11-01,"Burns, Arthur",5.04,8,5251.226,5.6,42.2,64.4,33.66914,0,0,1
1972-12-01,"Burns, Arthur",5.06,9,5251.226,5.3,42.4,64.4,5251.226,0,47,1
1973-01-01,"Burns, Arthur",5.33,10,5251.226,5.2,42.5,64.4,5251.226,0,46,1
1973-02-01,"Burns, Arthur",5.94,11,5380.502,4.9,42.7,64.9,33.21547,0,45,1
1973-03-01,"Burns, Arthur",6.58,12,5380.502,5,43,64.9,5380.502,0,44,1
1973-04-01,"Burns, Arthur",7.09,13,5380.502,4.9,43.4,64.9,5380.502,0,43,1
1973-05-01,"Burns, Arthur",7.12,14,5441.504,5,43.7,64.4,32.25995,0,42,1
1973-06-01,"Burns, Arthur",7.84,15,5441.504,4.9,43.9,64.4,5441.504,0,41,1
1973-07-01,"Burns, Arthur",8.49,16,5441.504,4.9,44.2,64.4,5441.504,0,40,1
1973-08-01,"Burns, Arthur",10.4,17,5411.935,4.8,44.2,64.4,32.05832,0,39,1
1973-09-01,"Burns, Arthur",10.5,18,5411.935,4.8,45,64.4,5411.935,0,38,1
1973-10-01,"Burns, Arthur",10.78,19,5411.935,4.8,45.2,64.4,5411.935,0,37,0
1973-11-01,"Burns, Arthur",10.01,-1,5462.397,4.6,45.6,64.4,31.71341,0,36,1
1973-12-01,"Burns, Arthur",10.03,1,5462.397,4.8,45.9,64.4,5462.397,0,35,0
1974-01-01,"Burns, Arthur",9.95,-1,5462.397,4.9,46.3,64.4,5462.397,0,34,0
1974-02-01,"Burns, Arthur",9.65,-2,5417.024,5.1,46.8,64.8,31.69031,0,33,0
1974-03-01,"Burns, Arthur",8.97,-3,5417.024,5.2,47.3,64.8,5417.024,0,32,1
1974-04-01,"Burns, Arthur",9.35,1,5417.024,5.1,47.8,64.8,5417.024,0,31,1
1974-05-01,"Burns, Arthur",10.51,2,5431.265,5.1,48.1,64.8,30.9109,0,30,1
1974-06-01,"Burns, Arthur",11.31,3,5431.265,5.1,48.6,64.8,5431.265,0,29,1
1974-07-01,"Burns, Arthur",11.93,4,5431.265,5.4,49,64.8,5431.265,0,28,1
1974-08-01,"Burns, Arthur",12.92,5,5378.679,5.5,49.3,64.6,30.79609,0,27,0
1974-09-01,"Burns, Arthur",12.01,-1,5378.679,5.5,49.9,64.6,5378.679,0,26,0
1974-10-01,"Burns, Arthur",11.34,-2,5378.679,5.9,50.6,64.6,5378.679,0,25,0
1974-11-01,"Burns, Arthur",10.06,-3,5357.166,6,51,64.4,30.73387,0,24,0
1974-12-01,"Burns, Arthur",9.45,-4,5357.166,6.6,51.5,64.4,5357.166,0,23,0
1975-01-01,"Burns, Arthur",8.53,-5,5357.166,7.2,51.9,64.4,5357.166,0,22,0
1975-02-01,"Burns, Arthur",7.13,-6,5292.444,8.1,52.3,64.4,31.4682,0,21,0
1975-03-01,"Burns, Arthur",6.24,-7,5292.444,8.1,52.6,64.4,5292.444,0,20,0
1975-04-01,"Burns, Arthur",5.54,-8,5292.444,8.6,52.8,64.4,5292.444,0,19,0
1975-05-01,"Burns, Arthur",5.49,-9,5333.22,8.8,53,64.9,32.18957,0,18,0
1975-06-01,"Burns, Arthur",5.22,-10,5333.22,9,53.1,64.9,5333.22,0,17,1
1975-07-01,"Burns, Arthur",5.55,1,5333.22,8.8,53.5,64.9,5333.22,0,16,1
1975-08-01,"Burns, Arthur",6.1,2,5421.357,8.6,54,64.6,32.30523,0,15,1
1975-09-01,"Burns, Arthur",6.14,3,5421.357,8.4,54.2,64.6,5421.357,0,14,1
1975-10-01,"Burns, Arthur",6.24,4,5421.357,8.4,54.6,64.6,5421.357,0,13,0
1975-11-01,"Burns, Arthur",5.82,-1,5494.446,8.4,54.9,64.5,32.65468,0,12,0
1975-12-01,"Burns, Arthur",5.22,-2,5494.446,8.3,55.3,64.5,5494.446,0,11,0
1976-01-01,"Burns, Arthur",5.2,-3,5494.446,8.2,55.6,64.5,5494.446,0,10,0
1976-02-01,"Burns, Arthur",4.87,-4,5618.52,7.9,55.8,64.6,32.91258,0,9,0
1976-03-01,"Burns, Arthur",4.77,-5,5618.52,7.7,55.9,64.6,5618.52,0,8,1
1976-04-01,"Burns, Arthur",4.84,1,5618.52,7.6,56,64.6,5618.52,0,7,0
1976-05-01,"Burns, Arthur",4.82,-1,5660.972,7.7,56.1,64.6,33.41225,0,6,1
1976-06-01,"Burns, Arthur",5.29,1,5660.972,7.4,56.4,64.6,5660.972,0,5,1
1976-07-01,"Burns, Arthur",5.48,2,5660.972,7.6,56.7,64.6,5660.972,0,4,0
1976-08-01,"Burns, Arthur",5.31,-1,5689.756,7.8,57,64.9,33.57318,0,3,0
1976-09-01,"Burns, Arthur",5.29,-2,5689.756,7.8,57.3,64.9,5689.756,0,2,0
1976-10-01,"Burns, Arthur",5.25,-3,5689.756,7.6,57.6,64.9,5689.756,0,1,0
1976-11-01,"Burns, Arthur",5.02,-4,5732.462,7.7,57.9,64.8,33.71559,0,0,0
1976-12-01,"Burns, Arthur",4.95,-5,5732.462,7.8,58.1,64.8,5732.462,0,47,0
1977-01-01,"Burns, Arthur",4.65,-6,5732.462,7.8,58.4,64.8,5732.462,1,46,0
1977-02-01,"Burns, Arthur",4.61,-7,5799.16,7.5,58.7,64.8,33.5863,1,45,1
1977-03-01,"Burns, Arthur",4.68,1,5799.16,7.6,59.3,64.8,5799.16,1,44,1
1977-04-01,"Burns, Arthur",4.69,2,5799.16,7.4,59.6,64.8,5799.16,1,43,1
1977-05-01,"Burns, Arthur",4.73,3,5912.977,7.2,60,64.5,32.7359,1,42,1
1977-06-01,"Burns, Arthur",5.35,4,5912.977,7,60.2,64.5,5912.977,1,41,1
1977-07-01,"Burns, Arthur",5.39,5,5912.977,7.2,60.5,64.5,5912.977,1,40,1
1977-08-01,"Burns, Arthur",5.42,6,6017.586,6.9,60.8,65,32.92688,1,39,1
1977-09-01,"Burns, Arthur",5.9,7,6017.586,7,61.1,65,6017.586,1,38,1
1977-10-01,"Burns, Arthur",6.14,8,6017.586,6.8,61.3,65,6017.586,1,37,1
1977-11-01,"Burns, Arthur",6.47,9,6018.218,6.8,61.6,64.9,33.15087,1,36,1
1977-12-01,"Burns, Arthur",6.51,10,6018.218,6.8,62,64.9,6018.218,1,35,1
1978-01-01,"Burns, Arthur",6.56,11,6018.218,6.4,62.3,64.9,6018.218,1,34,1
1978-02-01,"N/A",6.7,12,6039.158,6.4,62.7,64.8,33.4111,1,33,1
1978-03-01,"N/A",6.78,13,6039.158,6.3,63,64.8,6039.158,1,32,1
1978-04-01,"Miller, G. William",6.79,14,6039.158,6.3,63.4,64.8,6039.158,1,31,1
1978-05-01,"Miller, G. William",6.89,15,6273.963,6.1,63.9,64.4,32.05615,1,30,1
1978-06-01,"Miller, G. William",7.36,16,6273.963,6,64.5,64.4,6273.963,1,29,1
1978-07-01,"Miller, G. William",7.6,17,6273.963,5.9,65,64.4,6273.963,1,28,1
1978-08-01,"Miller, G. William",7.81,18,6335.317,6.2,65.5,65.2,32.16241,1,27,1
1978-09-01,"Miller, G. William",8.04,19,6335.317,5.9,65.9,65.2,6335.317,1,26,1
1978-10-01,"Miller, G. William",8.45,20,6335.317,6,66.5,65.2,6335.317,1,25,1
1978-11-01,"Miller, G. William",8.96,21,6420.288,5.8,67.1,65.4,31.79466,1,24,1
1978-12-01,"Miller, G. William",9.76,22,6420.288,5.9,67.5,65.4,6420.288,1,23,1
1979-01-01,"Miller, G. William",10.03,23,6420.288,6,67.9,65.4,6420.288,1,22,1
1979-02-01,"Miller, G. William",10.07,24,6433.044,5.9,68.5,64.8,31.47385,1,21,0
1979-03-01,"Miller, G. William",10.06,-1,6433.044,5.9,69.2,64.8,6433.044,1,20,1
1979-04-01,"Miller, G. William",10.09,1,6433.044,5.8,69.9,64.8,6433.044,1,19,0
1979-05-01,"Miller, G. William",10.01,-1,6440.832,5.8,70.6,64.9,31.00709,1,18,1
1979-06-01,"Miller, G. William",10.24,1,6440.832,5.6,71.4,64.9,6440.832,1,17,1
1979-07-01,"Miller, G. William",10.29,2,6440.832,5.7,72.2,64.9,6440.832,1,16,1
1979-08-01,"Miller, G. William",10.47,3,6487.08,5.7,73,65.8,30.95113,1,15,1
1979-09-01,"Volcker, Paul",10.94,4,6487.08,6,73.7,65.8,6487.08,1,14,1
1979-10-01,"Volcker, Paul",11.43,5,6487.08,5.9,74.4,65.8,6487.08,1,13,1
1979-11-01,"Volcker, Paul",13.77,6,6503.874,6,75.2,65.4,30.94869,1,12,0
1979-12-01,"Volcker, Paul",13.18,-1,6503.874,5.9,76,65.4,6503.874,1,11,1
1980-01-01,"Volcker, Paul",13.78,1,6503.874,6,76.9,65.4,6503.874,1,10,1
1980-02-01,"Volcker, Paul",13.82,2,6524.912,6.3,78,65.5,30.87613,1,9,1
1980-03-01,"Volcker, Paul",14.13,3,6524.912,6.3,79,65.5,6524.912,1,8,1
1980-04-01,"Volcker, Paul",17.19,4,6524.912,6.3,80.1,65.5,6524.912,1,7,1
1980-05-01,"Volcker, Paul",17.61,5,6392.578,6.9,80.9,65.5,31.34448,1,6,0
1980-06-01,"Volcker, Paul",10.98,-1,6392.578,7.5,81.7,65.5,6392.578,1,5,0
1980-07-01,"Volcker, Paul",9.47,-2,6392.578,7.6,82.5,65.5,6392.578,1,4,0
1980-08-01,"Volcker, Paul",9.03,-3,6382.892,7.8,82.6,65.8,31.7378,1,3,1
1980-09-01,"Volcker, Paul",9.61,1,6382.892,7.7,83.2,65.8,6382.892,1,2,1
1980-10-01,"Volcker, Paul",10.87,2,6382.892,7.5,83.9,65.8,6382.892,1,1,1
1980-11-01,"Volcker, Paul",12.81,3,6501.184,7.5,84.7,65.5,31.07433,1,0,1
1980-12-01,"Volcker, Paul",15.85,4,6501.184,7.5,85.6,65.5,6501.184,1,47,1
1981-01-01,"Volcker, Paul",18.9,5,6501.184,7.2,86.4,65.5,6501.184,0,46,1
1981-02-01,"Volcker, Paul",19.08,6,6635.726,7.5,87.2,65.6,30.79798,0,45,0
1981-03-01,"Volcker, Paul",15.93,-1,6635.726,7.4,88,65.6,6635.726,0,44,0
1981-04-01,"Volcker, Paul",14.7,-2,6635.726,7.4,88.6,65.6,6635.726,0,43,1
1981-05-01,"Volcker, Paul",15.72,1,6587.269,7.2,89.1,65.3,30.66252,0,42,1
1981-06-01,"Volcker, Paul",18.52,2,6587.269,7.5,89.7,65.3,6587.269,0,41,1
1981-07-01,"Volcker, Paul",19.1,3,6587.269,7.5,90.5,65.3,6587.269,0,40,0
1981-08-01,"Volcker, Paul",19.04,-1,6662.858,7.2,91.5,65.6,30.59779,0,39,0
1981-09-01,"Volcker, Paul",17.82,-2,6662.858,7.4,92.2,65.6,6662.858,0,38,0
1981-10-01,"Volcker, Paul",15.87,-3,6662.858,7.6,93.1,65.6,6662.858,0,37,0
1981-11-01,"Volcker, Paul",15.08,-4,6585.127,7.9,93.4,65.2,31.33026,0,36,0
1981-12-01,"Volcker, Paul",13.31,-5,6585.127,8.3,93.8,65.2,6585.127,0,35,0
1982-01-01,"Volcker, Paul",12.37,-6,6585.127,8.5,94.1,65.2,6585.127,0,34,1
1982-02-01,"Volcker, Paul",13.22,1,6474.973,8.6,94.4,64.8,32.41795,0,33,1
1982-03-01,"Volcker, Paul",14.78,2,6474.973,8.9,94.7,64.8,6474.973,0,32,0
1982-04-01,"Volcker, Paul",14.68,-1,6474.973,9,94.7,64.8,6474.973,0,31,1
1982-05-01,"Volcker, Paul",14.94,1,6510.247,9.3,95,64.9,32.40867,0,30,0
1982-06-01,"Volcker, Paul",14.45,-1,6510.247,9.4,95.9,64.9,6510.247,0,29,0
1982-07-01,"Volcker, Paul",14.15,-2,6510.247,9.6,97,64.9,6510.247,0,28,0
1982-08-01,"Volcker, Paul",12.59,-3,6486.8,9.8,97.5,64.9,33.91747,0,27,0
1982-09-01,"Volcker, Paul",10.12,-4,6486.8,9.8,97.7,64.9,6486.8,0,26,1
1982-10-01,"Volcker, Paul",10.31,1,6486.8,10.1,97.7,64.9,6486.8,0,25,0
1982-11-01,"Volcker, Paul",9.71,-1,6493.128,10.4,98.1,64.5,35.12747,0,24,0
1982-12-01,"Volcker, Paul",9.2,-2,6493.128,10.8,98,64.5,6493.128,0,23,0
1983-01-01,"Volcker, Paul",8.95,-3,6493.128,10.8,97.7,64.5,6493.128,0,22,0
1983-02-01,"Volcker, Paul",8.68,-4,6578.175,10.4,97.9,64.7,35.75821,0,21,0
1983-03-01,"Volcker, Paul",8.51,-5,6578.175,10.4,98,64.7,6578.175,0,20,1
1983-04-01,"Volcker, Paul",8.77,1,6578.175,10.3,98.1,64.7,6578.175,0,19,1
1983-05-01,"Volcker, Paul",8.8,2,6728.287,10.2,98.8,64.7,36.82072,0,18,0
1983-06-01,"Volcker, Paul",8.63,-1,6728.287,10.1,99.2,64.7,6728.287,0,17,1
1983-07-01,"Volcker, Paul",8.98,1,6728.287,10.1,99.4,64.7,6728.287,0,16,1
1983-08-01,"Volcker, Paul",9.37,2,6860.022,9.4,99.8,64.8,37.29954,0,15,1
1983-09-01,"Volcker, Paul",9.56,3,6860.022,9.5,100.1,64.8,6860.022,0,14,0
1983-10-01,"Volcker, Paul",9.45,-1,6860.022,9.2,100.4,64.8,6860.022,0,13,1
1983-11-01,"Volcker, Paul",9.48,1,7001.489,8.8,100.8,64.4,37.16188,0,12,0
1983-12-01,"Volcker, Paul",9.34,-1,7001.489,8.5,101.1,64.4,7001.489,0,11,1
1984-01-01,"Volcker, Paul",9.47,1,7001.489,8.3,101.4,64.4,7001.489,0,10,1
1984-02-01,"Volcker, Paul",9.56,2,7140.597,8,102.1,64.6,37.40904,0,9,1
1984-03-01,"Volcker, Paul",9.59,3,7140.597,7.8,102.6,64.6,7140.597,0,8,1
1984-04-01,"Volcker, Paul",9.91,4,7140.597,7.8,102.9,64.6,7140.597,0,7,1
1984-05-01,"Volcker, Paul",10.29,5,7266.01,7.7,103.3,64.6,37.67614,0,6,1
1984-06-01,"Volcker, Paul",10.32,6,7266.01,7.4,103.5,64.6,7266.01,0,5,1
1984-07-01,"Volcker, Paul",11.06,7,7266.01,7.2,103.7,64.6,7266.01,0,4,1
1984-08-01,"Volcker, Paul",11.23,8,7337.493,7.5,104.1,64.6,38.46619,0,3,1
1984-09-01,"Volcker, Paul",11.64,9,7337.493,7.5,104.4,64.6,7337.493,0,2,0
1984-10-01,"Volcker, Paul",11.3,-1,7337.493,7.3,104.7,64.6,7337.493,0,1,0
1984-11-01,"Volcker, Paul",9.99,-2,7396.019,7.4,105.1,64.1,40.09466,0,0,0
1984-12-01,"Volcker, Paul",9.43,-3,7396.019,7.2,105.3,64.1,7396.019,0,47,0
1985-01-01,"Volcker, Paul",8.38,-4,7396.019,7.3,105.5,64.1,7396.019,0,46,0
1985-02-01,"Volcker, Paul",8.35,-5,7469.545,7.3,105.7,64.1,40.376,0,45,1
1985-03-01,"Volcker, Paul",8.5,1,7469.545,7.2,106.3,64.1,7469.545,0,44,1
1985-04-01,"Volcker, Paul",8.58,2,7469.545,7.2,106.8,64.1,7469.545,0,43,0
1985-05-01,"Volcker, Paul",8.27,-1,7537.928,7.3,107,64.1,41.24863,0,42,0
1985-06-01,"Volcker, Paul",7.97,-2,7537.928,7.2,107.2,64.1,7537.928,0,41,0
1985-07-01,"Volcker, Paul",7.53,-3,7537.928,7.4,107.5,64.1,7537.928,0,40,1
1985-08-01,"Volcker, Paul",7.88,1,7655.196,7.4,107.7,63.9,41.48507,0,39,1
1985-09-01,"Volcker, Paul",7.9,2,7655.196,7.1,107.9,63.9,7655.196,0,38,1
1985-10-01,"Volcker, Paul",7.92,3,7655.196,7.1,108.1,63.9,7655.196,0,37,1
1985-11-01,"Volcker, Paul",7.99,4,7712.624,7.1,108.5,63.5,43.69859,0,36,1
1985-12-01,"Volcker, Paul",8.05,5,7712.624,7,109,63.5,7712.624,0,35,1
1986-01-01,"Volcker, Paul",8.27,6,7712.624,7,109.5,63.5,7712.624,0,34,0
1986-02-01,"Volcker, Paul",8.14,-1,7784.109,6.7,109.9,63.6,43.99212,0,33,0
1986-03-01,"Volcker, Paul",7.86,-2,7784.109,7.2,109.7,63.6,7784.109,0,32,0
1986-04-01,"Volcker, Paul",7.48,-3,7784.109,7.2,109.1,63.6,7784.109,0,31,0
1986-05-01,"Volcker, Paul",6.99,-4,7819.843,7.1,108.7,63.8,45.20875,0,30,0
1986-06-01,"Volcker, Paul",6.85,-5,7819.843,7.2,109,63.8,7819.843,0,29,1
1986-07-01,"Volcker, Paul",6.92,1,7819.843,7.2,109.4,63.8,7819.843,0,28,0
1986-08-01,"Volcker, Paul",6.56,-1,7898.555,7,109.5,63.8,46.00623,0,27,0
1986-09-01,"Volcker, Paul",6.17,-2,7898.555,6.9,109.6,63.8,7898.555,0,26,0
1986-10-01,"Volcker, Paul",5.89,-3,7898.555,7,110,63.8,7898.555,0,25,0
1986-11-01,"Volcker, Paul",5.85,-4,7939.45,7,110.2,63.9,47.43297,0,24,1
1986-12-01,"Volcker, Paul",6.04,1,7939.45,6.9,110.4,63.9,7939.45,0,23,1
1987-01-01,"Volcker, Paul",6.91,2,7939.45,6.6,110.8,63.9,7939.45,0,22,0
1987-02-01,"Volcker, Paul",6.43,-1,7994.965,6.6,111.4,63.8,47.43727,0,21,0
1987-03-01,"Volcker, Paul",6.1,-2,7994.965,6.6,111.8,63.8,7994.965,0,20,1
1987-04-01,"Volcker, Paul",6.13,1,7994.965,6.6,112.2,63.8,7994.965,0,19,1
1987-05-01,"Volcker, Paul",6.37,2,8084.71,6.3,112.7,63.8,47.8958,0,18,1
1987-06-01,"Volcker, Paul",6.85,3,8084.71,6.3,113,63.8,8084.71,0,17,0
1987-07-01,"Volcker, Paul",6.73,-1,8084.71,6.2,113.5,63.8,8084.71,0,16,0
1987-08-01,"Volcker, Paul",6.58,-2,8158.035,6.1,113.8,64.2,47.95994,0,15,1
1987-09-01,"Greenspan, Alan",6.73,1,8158.035,6,114.3,64.2,8158.035,0,14,1
1987-10-01,"Greenspan, Alan",7.22,2,8158.035,5.9,114.7,64.2,8158.035,0,13,1
1987-11-01,"Greenspan, Alan",7.29,3,8292.687,6,115,64.1,48.4145,0,12,0
1987-12-01,"Greenspan, Alan",6.69,-1,8292.687,5.8,115.4,64.1,8292.687,0,11,1
1988-01-01,"Greenspan, Alan",6.77,1,8292.687,5.7,115.6,64.1,8292.687,0,10,1
1988-02-01,"Greenspan, Alan",6.83,2,8339.324,5.7,116,63.7,48.86558,0,9,0
1988-03-01,"Greenspan, Alan",6.58,-1,8339.324,5.7,116.2,63.7,8339.324,0,8,0
1988-04-01,"Greenspan, Alan",6.58,-2,8339.324,5.7,116.5,63.7,8339.324,0,7,1
1988-05-01,"Greenspan, Alan",6.87,1,8449.51,5.4,117.2,63.7,48.92094,0,6,1
1988-06-01,"Greenspan, Alan",7.09,2,8449.51,5.6,117.5,63.7,8449.51,0,5,1
1988-07-01,"Greenspan, Alan",7.51,3,8449.51,5.4,118,63.7,8449.51,0,4,1
1988-08-01,"Greenspan, Alan",7.75,4,8498.282,5.4,118.5,64,49.10242,0,3,1
1988-09-01,"Greenspan, Alan",8.01,5,8498.282,5.6,119,64,8498.282,0,2,1
1988-10-01,"Greenspan, Alan",8.19,6,8498.282,5.4,119.5,64,8498.282,0,1,1
1988-11-01,"Greenspan, Alan",8.3,7,8610.85,5.4,119.9,63.8,49.59432,0,0,1
1988-12-01,"Greenspan, Alan",8.35,8,8610.85,5.3,120.3,63.8,8610.85,0,47,1
1989-01-01,"Greenspan, Alan",8.76,9,8610.85,5.3,120.7,63.8,8610.85,0,46,1
1989-02-01,"Greenspan, Alan",9.12,10,8697.711,5.4,121.2,63.9,49.58747,0,45,1
1989-03-01,"Greenspan, Alan",9.36,11,8697.711,5.2,121.6,63.9,8697.711,0,44,1
1989-04-01,"Greenspan, Alan",9.85,12,8697.711,5,122.2,63.9,8697.711,0,43,0
1989-05-01,"Greenspan, Alan",9.84,-1,8766.105,5.2,123.1,63.8,49.74634,0,42,0
1989-06-01,"Greenspan, Alan",9.81,-2,8766.105,5.2,123.7,63.8,8766.105,0,41,0
1989-07-01,"Greenspan, Alan",9.53,-3,8766.105,5.3,124.1,63.8,8766.105,0,40,0
1989-08-01,"Greenspan, Alan",9.24,-4,8831.544,5.2,124.5,64.1,50.02856,0,39,0
1989-09-01,"Greenspan, Alan",8.99,-5,8831.544,5.2,124.5,64.1,8831.544,0,38,1
1989-10-01,"Greenspan, Alan",9.02,1,8831.544,5.3,124.8,64.1,8831.544,0,37,0
1989-11-01,"Greenspan, Alan",8.84,-1,8850.23,5.3,125.4,63.8,51.23701,0,36,0
1989-12-01,"Greenspan, Alan",8.55,-2,8850.23,5.4,125.9,63.8,8850.23,0,35,0
1990-01-01,"Greenspan, Alan",8.45,-3,8850.23,5.4,126.3,63.8,8850.23,0,34,0
1990-02-01,"Greenspan, Alan",8.23,-4,8947.129,5.4,127.5,64,51.80889,0,33,1
1990-03-01,"Greenspan, Alan",8.24,1,8947.129,5.3,128,64,8947.129,0,32,1
1990-04-01,"Greenspan, Alan",8.28,2,8947.129,5.2,128.6,64,8947.129,0,31,0
1990-05-01,"Greenspan, Alan",8.26,-1,8981.727,5.4,128.9,63.7,52.61777,0,30,0
1990-06-01,"Greenspan, Alan",8.18,-2,8981.727,5.4,129.1,63.7,8981.727,0,29,1
1990-07-01,"Greenspan, Alan",8.29,1,8981.727,5.2,129.9,63.7,8981.727,0,28,0
1990-08-01,"Greenspan, Alan",8.15,-1,8983.945,5.5,130.5,64,53.62489,0,27,0
1990-09-01,"Greenspan, Alan",8.13,-2,8983.945,5.7,131.6,64,8983.945,0,26,1
1990-10-01,"Greenspan, Alan",8.2,1,8983.945,5.9,132.5,64,8983.945,0,25,0
1990-11-01,"Greenspan, Alan",8.11,-1,8907.363,5.9,133.4,64.1,55.8634,0,24,0
1990-12-01,"Greenspan, Alan",7.81,-2,8907.363,6.2,133.7,64.1,8907.363,0,23,0
1991-01-01,"Greenspan, Alan",7.31,-3,8907.363,6.3,134.2,64.1,8907.363,0,22,0
1991-02-01,"Greenspan, Alan",6.91,-4,8865.564,6.4,134.7,63.9,57.2295,0,21,0
1991-03-01,"Greenspan, Alan",6.25,-5,8865.564,6.6,134.8,63.9,8865.564,0,20,0
1991-04-01,"Greenspan, Alan",6.12,-6,8865.564,6.8,134.8,63.9,8865.564,0,19,0
1991-05-01,"Greenspan, Alan",5.91,-7,8934.366,6.7,135.1,63.9,57.58819,0,18,0
1991-06-01,"Greenspan, Alan",5.78,-8,8934.366,6.9,135.6,63.9,8934.366,0,17,1
1991-07-01,"Greenspan, Alan",5.9,1,8934.366,6.9,136,63.9,8934.366,0,16,0
1991-08-01,"Greenspan, Alan",5.82,-1,8977.252,6.8,136.2,64.2,58.94286,0,15,0
1991-09-01,"Greenspan, Alan",5.66,-2,8977.252,6.9,136.6,64.2,8977.252,0,14,0
1991-10-01,"Greenspan, Alan",5.45,-3,8977.252,6.9,137,64.2,8977.252,0,13,0
1991-11-01,"Greenspan, Alan",5.21,-4,9016.444,7,137.2,64.2,60.54334,0,12,0
1991-12-01,"Greenspan, Alan",4.81,-5,9016.444,7,137.8,64.2,9016.444,0,11,0
1992-01-01,"Greenspan, Alan",4.43,-6,9016.444,7.3,138.2,64.2,9016.444,0,10,0
1992-02-01,"Greenspan, Alan",4.03,-7,9122.95,7.3,138.3,64,60.82761,0,9,1
1992-03-01,"Greenspan, Alan",4.06,1,9122.95,7.4,138.6,64,9122.95,0,8,0
1992-04-01,"Greenspan, Alan",3.98,-1,9122.95,7.4,139.1,64,9122.95,0,7,0
1992-05-01,"Greenspan, Alan",3.73,-2,9223.545,7.4,139.4,63.9,61.37511,0,6,1
1992-06-01,"Greenspan, Alan",3.82,1,9223.545,7.6,139.7,63.9,9223.545,0,5,0
1992-07-01,"Greenspan, Alan",3.76,-1,9223.545,7.8,140.1,63.9,9223.545,0,4,0
1992-08-01,"Greenspan, Alan",3.25,-2,9313.208,7.7,140.5,64.3,61.71139,0,3,1
1992-09-01,"Greenspan, Alan",3.3,1,9313.208,7.6,140.8,64.3,9313.208,0,2,0
1992-10-01,"Greenspan, Alan",3.22,-1,9313.208,7.6,141.1,64.3,9313.208,0,1,0
1992-11-01,"Greenspan, Alan",3.1,-2,9406.528,7.3,141.7,64.4,62.36576,0,0,0
1992-12-01,"Greenspan, Alan",3.09,-3,9406.528,7.4,142.1,64.4,9406.528,0,47,0
1993-01-01,"Greenspan, Alan",2.92,-4,9406.528,7.4,142.3,64.4,9406.528,1,46,1
1993-02-01,"Greenspan, Alan",3.02,1,9424.065,7.3,142.8,64.2,62.69198,1,45,1
1993-03-01,"Greenspan, Alan",3.03,2,9424.065,7.1,143.1,64.2,9424.065,1,44,1
1993-04-01,"Greenspan, Alan",3.07,3,9424.065,7,143.3,64.2,9424.065,1,43,0
1993-05-01,"Greenspan, Alan",2.96,-1,9480.106,7.1,143.8,64.4,63.72189,1,42,1
1993-06-01,"Greenspan, Alan",3,1,9480.106,7.1,144.2,64.4,9480.106,1,41,1
1993-07-01,"Greenspan, Alan",3.04,2,9480.106,7,144.3,64.4,9480.106,1,40,1
1993-08-01,"Greenspan, Alan",3.06,3,9526.337,6.9,144.5,64.7,63.89573,1,39,0
1993-09-01,"Greenspan, Alan",3.03,-1,9526.337,6.8,144.8,64.7,9526.337,1,38,1
1993-10-01,"Greenspan, Alan",3.09,1,9526.337,6.7,145,64.7,9526.337,1,37,0
1993-11-01,"Greenspan, Alan",2.99,-1,9653.509,6.8,145.6,64.6,64.49333,1,36,1
1993-12-01,"Greenspan, Alan",3.02,1,9653.509,6.6,146,64.6,9653.509,1,35,0
1994-01-01,"Greenspan, Alan",2.96,-1,9653.509,6.5,146.3,64.6,9653.509,1,34,1
1994-02-01,"Greenspan, Alan",3.05,1,9748.156,6.6,146.3,63.8,64.12103,1,33,1
1994-03-01,"Greenspan, Alan",3.25,2,9748.156,6.6,146.7,63.8,9748.156,1,32,1
1994-04-01,"Greenspan, Alan",3.34,3,9748.156,6.5,147.1,63.8,9748.156,1,31,1
1994-05-01,"Greenspan, Alan",3.56,4,9881.384,6.4,147.2,63.8,63.9055,1,30,1
1994-06-01,"Greenspan, Alan",4.01,5,9881.384,6.1,147.5,63.8,9881.384,1,29,1
1994-07-01,"Greenspan, Alan",4.25,6,9881.384,6.1,147.9,63.8,9881.384,1,28,1
1994-08-01,"Greenspan, Alan",4.26,7,9939.655,6.1,148.4,64.1,63.82697,1,27,1
1994-09-01,"Greenspan, Alan",4.47,8,9939.655,6,149,64.1,9939.655,1,26,1
1994-10-01,"Greenspan, Alan",4.73,9,9939.655,5.9,149.3,64.1,9939.655,1,25,1
1994-11-01,"Greenspan, Alan",4.76,10,10052.518,5.8,149.4,64.2,64.20145,1,24,1
1994-12-01,"Greenspan, Alan",5.29,11,10052.518,5.6,149.8,64.2,10052.518,1,23,1
1995-01-01,"Greenspan, Alan",5.45,12,10052.518,5.5,150.1,64.2,10052.518,1,22,1
1995-02-01,"Greenspan, Alan",5.53,13,10086.878,5.6,150.5,64.2,64.46551,1,21,1
1995-03-01,"Greenspan, Alan",5.92,14,10086.878,5.4,150.9,64.2,10086.878,1,20,1
1995-04-01,"Greenspan, Alan",5.98,15,10086.878,5.4,151.2,64.2,10086.878,1,19,1
1995-05-01,"Greenspan, Alan",6.05,16,10122.122,5.8,151.8,64.7,65.10765,1,18,0
1995-06-01,"Greenspan, Alan",6.01,-1,10122.122,5.6,152.1,64.7,10122.122,1,17,0
1995-07-01,"Greenspan, Alan",6,-2,10122.122,5.6,152.4,64.7,10122.122,1,16,0
1995-08-01,"Greenspan, Alan",5.85,-3,10208.772,5.7,152.6,65,64.5427,1,15,0
1995-09-01,"Greenspan, Alan",5.74,-4,10208.772,5.7,152.9,65,10208.772,1,14,1
1995-10-01,"Greenspan, Alan",5.8,1,10208.772,5.6,153.1,65,10208.772,1,13,0
1995-11-01,"Greenspan, Alan",5.76,-1,10281.246,5.5,153.5,65.1,63.96134,1,12,1
1995-12-01,"Greenspan, Alan",5.8,1,10281.246,5.6,153.7,65.1,10281.246,1,11,0
1996-01-01,"Greenspan, Alan",5.6,-1,10281.246,5.6,153.9,65.1,10281.246,1,10,0
1996-02-01,"Greenspan, Alan",5.56,-2,10348.691,5.6,154.7,65.1,64.83873,1,9,0
1996-03-01,"Greenspan, Alan",5.22,-3,10348.691,5.5,155,65.1,10348.691,1,8,1
1996-04-01,"Greenspan, Alan",5.31,1,10348.691,5.5,155.5,65.1,10348.691,1,7,0
1996-05-01,"Greenspan, Alan",5.22,-1,10529.379,5.6,156.1,65.4,64.02129,1,6,1
1996-06-01,"Greenspan, Alan",5.24,1,10529.379,5.6,156.4,65.4,10529.379,1,5,1
1996-07-01,"Greenspan, Alan",5.27,2,10529.379,5.3,156.7,65.4,10529.379,1,4,1
1996-08-01,"Greenspan, Alan",5.4,3,10626.778,5.5,157,65.6,64.03739,1,3,0
1996-09-01,"Greenspan, Alan",5.22,-1,10626.778,5.1,157.2,65.6,10626.778,1,2,1
1996-10-01,"Greenspan, Alan",5.3,1,10626.778,5.2,157.7,65.6,10626.778,1,1,0
1996-11-01,"Greenspan, Alan",5.24,-1,10739.057,5.2,158.2,65.4,64.23444,1,0,1
1996-12-01,"Greenspan, Alan",5.31,1,10739.057,5.4,158.7,65.4,10739.057,1,47,0
1997-01-01,"Greenspan, Alan",5.29,-1,10739.057,5.4,159.1,65.4,10739.057,1,46,0
1997-02-01,"Greenspan, Alan",5.25,-2,10820.908,5.3,159.4,65.4,64.0422,1,45,0
1997-03-01,"Greenspan, Alan",5.19,-3,10820.908,5.2,159.7,65.4,10820.908,1,44,1
1997-04-01,"Greenspan, Alan",5.39,1,10820.908,5.2,159.8,65.4,10820.908,1,43,1
1997-05-01,"Greenspan, Alan",5.51,2,10984.15,5.1,159.9,65.7,62.86499,1,42,0
1997-06-01,"Greenspan, Alan",5.5,-1,10984.15,4.9,159.9,65.7,10984.15,1,41,1
1997-07-01,"Greenspan, Alan",5.56,1,10984.15,5,160.2,65.7,10984.15,1,40,0
1997-08-01,"Greenspan, Alan",5.52,-1,11124.013,4.9,160.4,66,62.27877,1,39,1
1997-09-01,"Greenspan, Alan",5.54,1,11124.013,4.8,160.8,66,11124.013,1,38,0
1997-10-01,"Greenspan, Alan",5.54,-1,11124.013,4.9,161.2,66,11124.013,1,37,0
1997-11-01,"Greenspan, Alan",5.5,-2,11210.329,4.7,161.5,65.7,62.61038,1,36,1
1997-12-01,"Greenspan, Alan",5.52,1,11210.329,4.6,161.7,65.7,11210.329,1,35,0
1998-01-01,"Greenspan, Alan",5.5,-1,11210.329,4.7,161.8,65.7,11210.329,1,34,1
1998-02-01,"Greenspan, Alan",5.56,1,11321.246,4.6,162,65.9,62.3466,1,33,0
1998-03-01,"Greenspan, Alan",5.51,-1,11321.246,4.6,162,65.9,11321.246,1,32,0
1998-04-01,"Greenspan, Alan",5.49,-2,11321.246,4.7,162,65.9,11321.246,1,31,0
1998-05-01,"Greenspan, Alan",5.45,-3,11431.046,4.3,162.2,66,61.68004,1,30,1
1998-06-01,"Greenspan, Alan",5.49,1,11431.046,4.4,162.6,66,11431.046,1,29,1
1998-07-01,"Greenspan, Alan",5.56,2,11431.046,4.5,162.8,66,11431.046,1,28,0
1998-08-01,"Greenspan, Alan",5.54,-1,11580.587,4.5,163.2,66.8,60.41866,1,27,1
1998-09-01,"Greenspan, Alan",5.55,1,11580.587,4.5,163.4,66.8,11580.587,1,26,0
1998-10-01,"Greenspan, Alan",5.51,-1,11580.587,4.6,163.5,66.8,11580.587,1,25,0
1998-11-01,"Greenspan, Alan",5.07,-2,11770.686,4.5,163.9,66.4,60.20156,1,24,0
1998-12-01,"Greenspan, Alan",4.83,-3,11770.686,4.4,164.1,66.4,11770.686,1,23,0
1999-01-01,"Greenspan, Alan",4.68,-4,11770.686,4.4,164.4,66.4,11770.686,1,22,0
1999-02-01,"Greenspan, Alan",4.63,-5,11864.675,4.3,164.7,66.7,59.82381,1,21,1
1999-03-01,"Greenspan, Alan",4.76,1,11864.675,4.4,164.7,66.7,11864.675,1,20,1
1999-04-01,"Greenspan, Alan",4.81,2,11864.675,4.2,164.8,66.7,11864.675,1,19,0
1999-05-01,"Greenspan, Alan",4.74,-1,11962.524,4.3,165.9,66.6,59.00157,1,18,0
1999-06-01,"Greenspan, Alan",4.74,-2,11962.524,4.2,166,66.6,11962.524,1,17,1
1999-07-01,"Greenspan, Alan",4.76,1,11962.524,4.3,166,66.6,11962.524,1,16,1
1999-08-01,"Greenspan, Alan",4.99,2,12113.075,4.3,166.7,67,58.23822,1,15,1
1999-09-01,"Greenspan, Alan",5.07,3,12113.075,4.2,167.1,67,12113.075,1,14,1
1999-10-01,"Greenspan, Alan",5.22,4,12113.075,4.2,167.8,67,12113.075,1,13,0
1999-11-01,"Greenspan, Alan",5.2,-1,12323.336,4.1,168.1,66.9,58.19094,1,12,1
1999-12-01,"Greenspan, Alan",5.42,1,12323.336,4.1,168.4,66.9,12323.336,1,11,0
2000-01-01,"Greenspan, Alan",5.3,-1,12323.336,4,168.8,66.9,12323.336,1,10,1
2000-02-01,"Greenspan, Alan",5.45,1,12359.095,4,169.3,67.1,57.5555,1,9,1
2000-03-01,"Greenspan, Alan",5.73,2,12359.095,4.1,170,67.1,12359.095,1,8,1
2000-04-01,"Greenspan, Alan",5.85,3,12359.095,4,171,67.1,12359.095,1,7,1
2000-05-01,"Greenspan, Alan",6.02,4,12592.53,3.8,170.9,67.2,55.31983,1,6,1
2000-06-01,"Greenspan, Alan",6.27,5,12592.53,4,171.2,67.2,12592.53,1,5,1
2000-07-01,"Greenspan, Alan",6.53,6,12592.53,4,172.2,67.2,12592.53,1,4,1
2000-08-01,"Greenspan, Alan",6.54,7,12607.676,4,172.7,67.7,54.78382,1,3,0
2000-09-01,"Greenspan, Alan",6.5,-1,12607.676,4.1,172.7,67.7,12607.676,1,2,1
2000-10-01,"Greenspan, Alan",6.52,1,12607.676,3.9,173.6,67.7,12607.676,1,1,0
2000-11-01,"Greenspan, Alan",6.51,-1,12679.338,3.9,173.9,67.5,54.0685,1,0,0
2000-12-01,"Greenspan, Alan",6.51,-2,12679.338,3.9,174.2,67.5,12679.338,1,47,0
2001-01-01,"Greenspan, Alan",6.4,-3,12679.338,3.9,174.6,67.5,12679.338,0,46,0
2001-02-01,"Greenspan, Alan",5.98,-4,12643.283,4.2,175.6,67.5,54.94561,0,45,0
2001-03-01,"Greenspan, Alan",5.49,-5,12643.283,4.2,176,67.5,12643.283,0,44,0
2001-04-01,"Greenspan, Alan",5.31,-6,12643.283,4.3,176.1,67.5,12643.283,0,43,0
2001-05-01,"Greenspan, Alan",4.8,-7,12710.303,4.4,176.4,67.7,53.83154,0,42,0
2001-06-01,"Greenspan, Alan",4.21,-8,12710.303,4.3,177.3,67.7,12710.303,0,41,0
2001-07-01,"Greenspan, Alan",3.97,-9,12710.303,4.5,177.7,67.7,12710.303,0,40,0
2001-08-01,"Greenspan, Alan",3.77,-10,12670.106,4.6,177.4,68.1,54.58399,0,39,0
2001-09-01,"Greenspan, Alan",3.65,-11,12670.106,4.9,177.4,68.1,12670.106,0,38,0
2001-10-01,"Greenspan, Alan",3.07,-12,12670.106,5,178.1,68.1,12670.106,0,37,0
2001-11-01,"Greenspan, Alan",2.49,-13,12705.269,5.3,177.6,68,55.53941,0,36,0
2001-12-01,"Greenspan, Alan",2.09,-14,12705.269,5.5,177.5,68,12705.269,0,35,0
2002-01-01,"Greenspan, Alan",1.82,-15,12705.269,5.7,177.4,68,12705.269,0,34,0
2002-02-01,"Greenspan, Alan",1.73,-16,12822.258,5.7,177.7,67.8,55.43484,0,33,1
2002-03-01,"Greenspan, Alan",1.74,1,12822.258,5.7,178,67.8,12822.258,0,32,0
2002-04-01,"Greenspan, Alan",1.73,-1,12822.258,5.7,178.5,67.8,12822.258,0,31,1
2002-05-01,"Greenspan, Alan",1.75,1,12893.002,5.9,179.3,67.6,56.02726,0,30,0
2002-06-01,"Greenspan, Alan",1.75,-1,12893.002,5.8,179.5,67.6,12893.002,0,29,0
2002-07-01,"Greenspan, Alan",1.75,-2,12893.002,5.8,179.6,67.6,12893.002,0,28,0
2002-08-01,"Greenspan, Alan",1.73,-3,12955.769,5.8,180,68,56.43,0,27,1
2002-09-01,"Greenspan, Alan",1.74,1,12955.769,5.7,180.5,68,12955.769,0,26,1
2002-10-01,"Greenspan, Alan",1.75,2,12955.769,5.7,180.8,68,12955.769,0,25,0
2002-11-01,"Greenspan, Alan",1.75,-1,12964.016,5.7,181.2,68.3,57.68932,0,24,0
2002-12-01,"Greenspan, Alan",1.34,-2,12964.016,5.9,181.5,68.3,12964.016,0,23,0
2003-01-01,"Greenspan, Alan",1.24,-3,12964.016,6,181.8,68.3,12964.016,0,22,0
2003-02-01,"Greenspan, Alan",1.24,-4,13031.169,5.8,182.6,68,57.53089,0,21,1
2003-03-01,"Greenspan, Alan",1.26,1,13031.169,5.9,183.6,68,13031.169,0,20,0
2003-04-01,"Greenspan, Alan",1.25,-1,13031.169,5.9,183.9,68,13031.169,0,19,1
2003-05-01,"Greenspan, Alan",1.26,1,13152.089,6,183.2,68,58.6606,0,18,0
2003-06-01,"Greenspan, Alan",1.26,-1,13152.089,6.1,182.9,68,13152.089,0,17,0
2003-07-01,"Greenspan, Alan",1.22,-2,13152.089,6.3,183.1,68,13152.089,0,16,0
2003-08-01,"Greenspan, Alan",1.01,-3,13372.357,6.2,183.7,68.4,58.35064,0,15,1
2003-09-01,"Greenspan, Alan",1.03,1,13372.357,6.1,184.5,68.4,13372.357,0,14,0
2003-10-01,"Greenspan, Alan",1.01,-1,13372.357,6.1,185.1,68.4,13372.357,0,13,0
2003-11-01,"Greenspan, Alan",1.01,-2,13528.71,6,184.9,68.6,59.22047,0,12,0
2003-12-01,"Greenspan, Alan",1,-3,13528.71,5.8,185,68.6,13528.71,0,11,0
2004-01-01,"Greenspan, Alan",0.98,-4,13528.71,5.7,185.5,68.6,13528.71,0,10,1
2004-02-01,"Greenspan, Alan",1,1,13606.509,5.7,186.3,68.6,59.48307,0,9,1
2004-03-01,"Greenspan, Alan",1.01,2,13606.509,5.6,186.7,68.6,13606.509,0,8,0
2004-04-01,"Greenspan, Alan",1,-1,13606.509,5.8,187.1,68.6,13606.509,0,7,0
2004-05-01,"Greenspan, Alan",1,-2,13706.247,5.6,187.4,69.2,59.71674,0,6,0
2004-06-01,"Greenspan, Alan",1,-3,13706.247,5.6,188.2,69.2,13706.247,0,5,1
2004-07-01,"Greenspan, Alan",1.03,1,13706.247,5.6,188.9,69.2,13706.247,0,4,1
2004-08-01,"Greenspan, Alan",1.26,2,13830.828,5.5,189.1,69,59.66391,0,3,1
2004-09-01,"Greenspan, Alan",1.43,3,13830.828,5.4,189.2,69,13830.828,0,2,1
2004-10-01,"Greenspan, Alan",1.61,4,13830.828,5.4,189.8,69,13830.828,0,1,1
2004-11-01,"Greenspan, Alan",1.76,5,13950.376,5.5,190.8,69.2,60.46825,0,0,1
2004-12-01,"Greenspan, Alan",1.93,6,13950.376,5.4,191.7,69.2,13950.376,0,47,1
2005-01-01,"Greenspan, Alan",2.16,7,13950.376,5.4,191.7,69.2,13950.376,0,46,1
2005-02-01,"Greenspan, Alan",2.28,8,14099.081,5.3,191.6,69.1,60.69238,0,45,1
2005-03-01,"Greenspan, Alan",2.5,9,14099.081,5.4,192.4,69.1,14099.081,0,44,1
2005-04-01,"Greenspan, Alan",2.63,10,14099.081,5.2,193.1,69.1,14099.081,0,43,1
2005-05-01,"Greenspan, Alan",2.79,11,14172.695,5.2,193.7,68.6,60.40108,0,42,1
2005-06-01,"Greenspan, Alan",3,12,14172.695,5.1,193.6,68.6,14172.695,0,41,1
2005-07-01,"Greenspan, Alan",3.04,13,14172.695,5,193.7,68.6,14172.695,0,40,1
2005-08-01,"Greenspan, Alan",3.26,14,14291.757,5,194.9,68.8,60.07171,0,39,1
2005-09-01,"Greenspan, Alan",3.5,15,14291.757,4.9,196.1,68.8,14291.757,0,38,1
2005-10-01,"Greenspan, Alan",3.62,16,14291.757,5,198.8,68.8,14291.757,0,37,1
2005-11-01,"Greenspan, Alan",3.78,17,14373.438,5,199.1,69,61.05707,0,36,1
2005-12-01,"Greenspan, Alan",4,18,14373.438,5,198.1,69,14373.438,0,35,1
2006-01-01,"Greenspan, Alan",4.16,19,14373.438,4.9,198.1,69,14373.438,0,34,1
2006-02-01,"Bernanke, Ben",4.29,20,14546.119,4.7,199.3,68.5,61.33209,0,33,1
2006-03-01,"Bernanke, Ben",4.49,21,14546.119,4.8,199.4,68.5,14546.119,0,32,1
2006-04-01,"Bernanke, Ben",4.59,22,14546.119,4.7,199.7,68.5,14546.119,0,31,1
2006-05-01,"Bernanke, Ben",4.79,23,14589.585,4.7,200.7,68.7,61.01568,0,30,1
2006-06-01,"Bernanke, Ben",4.94,24,14589.585,4.6,201.3,68.7,14589.585,0,29,1
2006-07-01,"Bernanke, Ben",4.99,25,14589.585,4.6,201.8,68.7,14589.585,0,28,1
2006-08-01,"Bernanke, Ben",5.24,26,14602.633,4.7,202.9,69,61.16385,0,27,1
2006-09-01,"Bernanke, Ben",5.25,27,14602.633,4.7,203.8,69,14602.633,0,26,0
2006-10-01,"Bernanke, Ben",5.25,-1,14602.633,4.5,202.8,69,14602.633,0,25,0
2006-11-01,"Bernanke, Ben",5.25,-2,14716.93,4.4,201.9,68.9,61.70892,0,24,0
2006-12-01,"Bernanke, Ben",5.25,-3,14716.93,4.5,202,68.9,14716.93,0,23,0
2007-01-01,"Bernanke, Ben",5.24,-4,14716.93,4.4,203.1,68.9,14716.93,0,22,1
2007-02-01,"Bernanke, Ben",5.25,1,14726.022,4.6,203.437,68.4,62.17621,0,21,1
2007-03-01,"Bernanke, Ben",5.26,2,14726.022,4.5,204.226,68.4,14726.022,0,20,0
2007-04-01,"Bernanke, Ben",5.26,-1,14726.022,4.4,205.288,68.4,14726.022,0,19,0
2007-05-01,"Bernanke, Ben",5.25,-2,14838.664,4.5,205.904,68.2,61.48587,0,18,0
2007-06-01,"Bernanke, Ben",5.25,-3,14838.664,4.4,206.755,68.2,14838.664,0,17,0
2007-07-01,"Bernanke, Ben",5.25,-4,14838.664,4.6,207.234,68.2,14838.664,0,16,1
2007-08-01,"Bernanke, Ben",5.26,1,14938.467,4.7,207.603,68.2,61.82456,0,15,0
2007-09-01,"Bernanke, Ben",5.02,-1,14938.467,4.6,207.667,68.2,14938.467,0,14,0
2007-10-01,"Bernanke, Ben",4.94,-2,14938.467,4.7,208.547,68.2,14938.467,0,13,0
2007-11-01,"Bernanke, Ben",4.76,-3,14991.784,4.7,209.19,67.8,62.84633,0,12,0
2007-12-01,"Bernanke, Ben",4.49,-4,14991.784,4.7,210.834,67.8,14991.784,0,11,0
2008-01-01,"Bernanke, Ben",4.24,-5,14991.784,5,211.445,67.8,14991.784,0,10,0
2008-02-01,"Bernanke, Ben",3.94,-6,14889.45,5,212.174,67.8,64.33963,0,9,0
2008-03-01,"Bernanke, Ben",2.98,-7,14889.45,4.9,212.687,67.8,14889.45,0,8,0
2008-04-01,"Bernanke, Ben",2.61,-8,14889.45,5.1,213.448,67.8,14889.45,0,7,0
2008-05-01,"Bernanke, Ben",2.28,-9,14963.357,5,213.942,68.1,64.07889,0,6,0
2008-06-01,"Bernanke, Ben",1.98,-10,14963.357,5.4,215.208,68.1,14963.357,0,5,1
2008-07-01,"Bernanke, Ben",2,1,14963.357,5.6,217.463,68.1,14963.357,0,4,1
2008-08-01,"Bernanke, Ben",2.01,2,14891.643,5.8,219.016,67.9,67.5384,0,3,0
2008-09-01,"Bernanke, Ben",2,-1,14891.643,6.1,218.69,67.9,14891.643,0,2,0
2008-10-01,"Bernanke, Ben",1.81,-2,14891.643,6.1,218.877,67.9,14891.643,0,1,0
2008-11-01,"Bernanke, Ben",0.97,-3,14576.985,6.5,216.995,67.5,73.53868,0,0,0
2008-12-01,"Bernanke, Ben",0.39,-4,14576.985,6.8,213.153,67.5,14576.985,0,47,0
2009-01-01,"Bernanke, Ben",0.16,-5,14576.985,7.3,211.398,67.5,14576.985,1,46,0
2009-02-01,"Bernanke, Ben",0.15,-6,14375.018,7.8,211.933,67.3,77.35691,1,45,1
2009-03-01,"Bernanke, Ben",0.22,1,14375.018,8.3,212.705,67.3,14375.018,1,44,0
2009-04-01,"Bernanke, Ben",0.18,-1,14375.018,8.7,212.495,67.3,14375.018,1,43,0
2009-05-01,"Bernanke, Ben",0.15,-2,14355.558,9,212.709,67.4,80.50874,1,42,1
2009-06-01,"Bernanke, Ben",0.18,1,14355.558,9.4,213.022,67.4,14355.558,1,41,1
2009-07-01,"Bernanke, Ben",0.21,2,14355.558,9.5,214.79,67.4,14355.558,1,40,0
2009-08-01,"Bernanke, Ben",0.16,-1,14402.477,9.5,214.726,67.6,82.79856,1,39,0
2009-09-01,"Bernanke, Ben",0.16,-2,14402.477,9.6,215.445,67.6,14402.477,1,38,0
2009-10-01,"Bernanke, Ben",0.15,-3,14402.477,9.8,215.861,67.6,14402.477,1,37,0
2009-11-01,"Bernanke, Ben",0.12,-4,14541.901,10,216.509,67.2,84.51824,1,36,0
2009-12-01,"Bernanke, Ben",0.12,-5,14541.901,9.9,217.234,67.2,14541.901,1,35,0
2010-01-01,"Bernanke, Ben",0.12,-6,14541.901,9.9,217.347,67.2,14541.901,1,34,0
2010-02-01,"Bernanke, Ben",0.11,-7,14604.845,9.8,217.488,67.1,87.00386,1,33,1
2010-03-01,"Bernanke, Ben",0.13,1,14604.845,9.8,217.281,67.1,14604.845,1,32,1
2010-04-01,"Bernanke, Ben",0.16,2,14604.845,9.9,217.353,67.1,14604.845,1,31,1
2010-05-01,"Bernanke, Ben",0.2,3,14745.933,9.9,217.403,66.9,88.67047,1,30,0
2010-06-01,"Bernanke, Ben",0.2,-1,14745.933,9.6,217.29,66.9,14745.933,1,29,0
2010-07-01,"Bernanke, Ben",0.18,-2,14745.933,9.4,217.199,66.9,14745.933,1,28,0
2010-08-01,"Bernanke, Ben",0.18,-3,14845.458,9.4,217.605,66.9,90.06437,1,27,1
2010-09-01,"Bernanke, Ben",0.19,1,14845.458,9.5,217.923,66.9,14845.458,1,26,0
2010-10-01,"Bernanke, Ben",0.19,-1,14845.458,9.5,218.275,66.9,14845.458,1,25,0
2010-11-01,"Bernanke, Ben",0.19,-2,14939.001,9.4,219.035,66.5,92.08819,1,24,0
2010-12-01,"Bernanke, Ben",0.19,-3,14939.001,9.8,219.59,66.5,14939.001,1,23,0
2011-01-01,"Bernanke, Ben",0.18,-4,14939.001,9.3,220.472,66.5,14939.001,1,22,0
2011-02-01,"Bernanke, Ben",0.17,-5,14881.301,9.2,221.148,66.4,93.64575,1,21,0
2011-03-01,"Bernanke, Ben",0.16,-6,14881.301,9,221.904,66.4,14881.301,1,20,0
2011-04-01,"Bernanke, Ben",0.14,-7,14881.301,9,223.044,66.4,14881.301,1,19,0
2011-05-01,"Bernanke, Ben",0.1,-8,14989.555,9.1,224.06,65.9,92.77007,1,18,0
2011-06-01,"Bernanke, Ben",0.09,-9,14989.555,9,224.869,65.9,14989.555,1,17,0
2011-07-01,"Bernanke, Ben",0.09,-10,14989.555,9.1,224.841,65.9,14989.555,1,16,0
2011-08-01,"Bernanke, Ben",0.07,-11,15021.149,9,225.419,66.3,94.88834,1,15,1
2011-09-01,"Bernanke, Ben",0.1,1,15021.149,9,226.082,66.3,15021.149,1,14,0
2011-10-01,"Bernanke, Ben",0.08,-1,15021.149,9,226.676,66.3,15021.149,1,13,0
2011-11-01,"Bernanke, Ben",0.07,-2,15190.255,8.8,226.811,66,96.43744,1,12,1
2011-12-01,"Bernanke, Ben",0.08,1,15190.255,8.6,227.157,66,15190.255,1,11,0
2012-01-01,"Bernanke, Ben",0.07,-1,15190.255,8.5,227.145,66,15190.255,1,10,1
2012-02-01,"Bernanke, Ben",0.08,1,15275.047,8.3,227.759,65.4,97.80665,1,9,1
2012-03-01,"Bernanke, Ben",0.1,2,15275.047,8.3,228.285,65.4,15275.047,1,8,1
2012-04-01,"Bernanke, Ben",0.13,3,15275.047,8.2,228.866,65.4,15275.047,1,7,1
2012-05-01,"Bernanke, Ben",0.14,4,15336.735,8.2,229.172,65.5,98.51092,1,6,1
2012-06-01,"Bernanke, Ben",0.16,5,15336.735,8.2,228.785,65.5,15336.735,1,5,0
2012-07-01,"Bernanke, Ben",0.16,-1,15336.735,8.2,228.626,65.5,15336.735,1,4,0
2012-08-01,"Bernanke, Ben",0.16,-2,15431.335,8.2,228.584,65.5,98.75431,1,3,0
2012-09-01,"Bernanke, Ben",0.13,-3,15431.335,8,229.911,65.5,15431.335,1,2,1
2012-10-01,"Bernanke, Ben",0.14,1,15431.335,7.8,231.104,65.5,15431.335,1,1,1
2012-11-01,"Bernanke, Ben",0.16,2,15433.702,7.8,231.741,65.4,100.61369,1,0,0
2012-12-01,"Bernanke, Ben",0.16,-1,15433.702,7.7,231.202,65.4,15433.702,1,47,0
2013-01-01,"Bernanke, Ben",0.16,-2,15433.702,7.9,231.165,65.4,15433.702,1,46,0
2013-02-01,"Bernanke, Ben",0.14,-3,15538.441,8,231.444,65,101.62995,1,45,1
2013-03-01,"Bernanke, Ben",0.15,1,15538.441,7.7,232.803,65,15538.441,1,44,0
2013-04-01,"Bernanke, Ben",0.14,-1,15538.441,7.5,232.245,65,15538.441,1,43,1
2013-05-01,"Bernanke, Ben",0.15,1,15606.591,7.6,231.672,65,100.71676,1,42,0
2013-06-01,"Bernanke, Ben",0.11,-1,15606.591,7.5,231.99,65,15606.591,1,41,0
2013-07-01,"Bernanke, Ben",0.09,-2,15606.591,7.5,232.583,65,15606.591,1,40,0
2013-08-01,"Bernanke, Ben",0.09,-3,15779.938,7.3,232.98,65.3,99.20509,1,39,0
2013-09-01,"Bernanke, Ben",0.08,-4,15779.938,7.2,233.413,65.3,15779.938,1,38,0
2013-10-01,"Bernanke, Ben",0.08,-5,15779.938,7.2,233.773,65.3,15779.938,1,37,1
2013-11-01,"Bernanke, Ben",0.09,1,15916.208,7.2,233.903,65.2,100.45566,1,36,0
2013-12-01,"Bernanke, Ben",0.08,-1,15916.208,7,234.038,65.2,15916.208,1,35,1
2014-01-01,"Bernanke, Ben",0.09,1,15916.208,6.7,234.697,65.2,15916.208,1,34,0
2014-02-01,"Yellen, Janet",0.07,-1,15831.652,6.6,235.128,64.8,103.26934,1,33,0
2014-03-01,"Yellen, Janet",0.07,-2,15831.652,6.7,235.356,64.8,15831.652,1,32,1
2014-04-01,"Yellen, Janet",0.08,1,15831.652,6.6,235.79,64.8,15831.652,1,31,1
2014-05-01,"Yellen, Janet",0.09,2,16010.405,6.2,236.24,64.7,101.75671,1,30,0
2014-06-01,"Yellen, Janet",0.09,-1,16010.405,6.3,236.95,64.7,16010.405,1,29,1
2014-07-01,"Yellen, Janet",0.1,1,16010.405,6.1,237.348,64.7,16010.405,1,28,0
2014-08-01,"Yellen, Janet",0.09,-1,16205.591,6.2,237.596,64.4,101.27428,1,27,0
2014-09-01,"Yellen, Janet",0.09,-2,16205.591,6.1,237.409,64.4,16205.591,1,26,0
2014-10-01,"Yellen, Janet",0.09,-3,16205.591,5.9,237.626,64.4,16205.591,1,25,0
